--POPULAR AS TABELAS DO ESTUDO DE CASO:SIP

--DELETANDO O CONTEUDO DE TODAS AS TABELAS
/*
DELETE FROM T_SIP_IMPLANTACAO;
DELETE FROM T_SIP_PROJETO;
DELETE FROM T_SIP_DEPENDENTE;
DELETE FROM T_SIP_FUNCIONARIO;
DELETE FROM T_SIP_DEPARTAMENTO;
*/
--POPULAR A TABELA DEPTO
INSERT INTO T_SIP_DEPARTAMENTO VALUES(1, 'FINANCEIRO', 'FIN');
INSERT INTO T_SIP_DEPARTAMENTO VALUES(2, 'TECNOLOGIA DA INFORMAÇÃO', 'TIN');
INSERT INTO T_SIP_DEPARTAMENTO VALUES(3, 'CONTAS A PAGAR', 'CPG');
INSERT INTO T_SIP_DEPARTAMENTO VALUES(4, 'FATURAMENTO', 'FAT');
INSERT INTO T_SIP_DEPARTAMENTO VALUES(5, 'RECURSOS HUMANOS', 'RHU');

--POPULAR A TABELA FUNCIONARIO(3 PARA CARA DEPTO)
--DEPTO 1
INSERT INTO T_SIP_FUNCIONARIO VALUES(12345, 1, 'JOÃO DA SILVA', TO_DATE('10/05/1985','DD/MM/YYYY'),TO_DATE('15/09/2012','DD/MM/YYYY'), 'RUA X,10', 2000.10);
INSERT INTO T_SIP_FUNCIONARIO VALUES(12346, 1, 'MANUEL DA SILVA', TO_DATE('05/10/1998','DD/MM/YYYY'),TO_DATE('10/11/2015','DD/MM/YYYY'), 'RUA X,11', 2001.11);
INSERT INTO T_SIP_FUNCIONARIO VALUES(12347, 1, 'JANDIRA DA SILVA', TO_DATE('10/12/2000','DD/MM/YYYY'),TO_DATE('15/09/2018','DD/MM/YYYY'), 'RUA X,12', 1820.10);
--DEPTO 2
INSERT INTO T_SIP_FUNCIONARIO VALUES(12348, 2, 'KATIA REGINA SOUZA', TO_DATE('15/01/1995','DD/MM/YYYY'),TO_DATE('03/10/2015','DD/MM/YYYY'), 'RUA X,13', 2024.10);
INSERT INTO T_SIP_FUNCIONARIO VALUES(12349, 2, 'MARIA DAS DORES SOUZA', TO_DATE('18/08/1983','DD/MM/YYYY'),TO_DATE('23/10/2017','DD/MM/YYYY'), 'RUA X,14', 2061.11);
INSERT INTO T_SIP_FUNCIONARIO VALUES(12350, 2, 'ALFREDO DE SOUZA', TO_DATE('04/05/1999','DD/MM/YYYY'),TO_DATE('05/06/2014','DD/MM/YYYY'), 'RUA X,15', 5232.10);
--DEPTO 3
INSERT INTO T_SIP_FUNCIONARIO VALUES(12351, 3, 'GISELE DE JESUS', TO_DATE('15/04/1999','DD/MM/YYYY'),TO_DATE('20/03/2017','DD/MM/YYYY'), 'RUA X,16', 2032.23);
INSERT INTO T_SIP_FUNCIONARIO VALUES(12352, 3, 'RAFAEL DE JESUS', TO_DATE('10/08/1998','DD/MM/YYYY'),TO_DATE('10/08/2012','DD/MM/YYYY'), 'RUA X,17', 2012.14);
INSERT INTO T_SIP_FUNCIONARIO VALUES(12353, 3, 'ROSANA DE JESUS', TO_DATE('14/03/1987','DD/MM/YYYY'),TO_DATE('15/08/2019','DD/MM/YYYY'), 'RUA X,18', 2145.82);
--DEPTO 4
INSERT INTO T_SIP_FUNCIONARIO VALUES(12354, 4, 'JOSEFINA DE ALMEIDA', TO_DATE('16/10/1997','DD/MM/YYYY'),TO_DATE('25/03/2013','DD/MM/YYYY'), 'RUA X,19', 2124.16);
INSERT INTO T_SIP_FUNCIONARIO VALUES(12355, 4, 'LUCIANA DE ALMEIDA', TO_DATE('10/02/1984','DD/MM/YYYY'),TO_DATE('28/09/2011','DD/MM/YYYY'), 'RUA X,20', 2041.12);
INSERT INTO T_SIP_FUNCIONARIO VALUES(12356, 4, 'THIAGO DE ALMEIDA', TO_DATE('10/03/1998','DD/MM/YYYY'),TO_DATE('24/10/2018','DD/MM/YYYY'), 'RUA X,21', 6321.52);
--DEPTO 5
INSERT INTO T_SIP_FUNCIONARIO VALUES(12357, 5, 'LARISSA DE CARMARGO', TO_DATE('10/05/1982','DD/MM/YYYY'),TO_DATE('22/02/2014','DD/MM/YYYY'), 'RUA X,22', 5213.10);
INSERT INTO T_SIP_FUNCIONARIO VALUES(12358, 5, 'ANTONIO DE CARMARGO', TO_DATE('18/12/1992','DD/MM/YYYY'),TO_DATE('02/08/2012','DD/MM/YYYY'), 'RUA X,23', 5812.12);
INSERT INTO T_SIP_FUNCIONARIO VALUES(12359, 5, 'JOSE DE CARMARGO', TO_DATE('05/04/1985','DD/MM/YYYY'),TO_DATE('29/09/2016','DD/MM/YYYY'), 'RUA X,24', 9123.56);
--POPULAR AS TABELAS DO ESTUDO DE CASO:SIP

--DELETANDO O CONTEUDO DE TODAS AS TABELAS
/*
DELETE FROM T_SIP_IMPLANTACAO;
DELETE FROM T_SIP_PROJETO;
DELETE FROM T_SIP_DEPENDENTE;
DELETE FROM T_SIP_FUNCIONARIO;
DELETE FROM T_SIP_DEPARTAMENTO;
*/
--POPULAR A TABELA DEPTO
INSERT INTO T_SIP_DEPARTAMENTO VALUES(1, 'FINANCEIRO', 'FIN');
INSERT INTO T_SIP_DEPARTAMENTO VALUES(2, 'TECNOLOGIA DA INFORMAÇÃO', 'TIN');
INSERT INTO T_SIP_DEPARTAMENTO VALUES(3, 'CONTAS A PAGAR', 'CPG');
INSERT INTO T_SIP_DEPARTAMENTO VALUES(4, 'FATURAMENTO', 'FAT');
INSERT INTO T_SIP_DEPARTAMENTO VALUES(5, 'RECURSOS HUMANOS', 'RHU');

--POPULAR A TABELA FUNCIONARIO(3 PARA CARA DEPTO)
--DEPTO 1
INSERT INTO T_SIP_FUNCIONARIO VALUES(12345, 1, 'JOÃO DA SILVA', TO_DATE('10/05/1985','DD/MM/YYYY'),TO_DATE('15/09/2012','DD/MM/YYYY'), 'RUA X,10', 2000.10);
INSERT INTO T_SIP_FUNCIONARIO VALUES(12346, 1, 'MANUEL DA SILVA', TO_DATE('05/10/1998','DD/MM/YYYY'),TO_DATE('10/11/2015','DD/MM/YYYY'), 'RUA X,11', 2001.11);
INSERT INTO T_SIP_FUNCIONARIO VALUES(12347, 1, 'JANDIRA DA SILVA', TO_DATE('10/12/2000','DD/MM/YYYY'),TO_DATE('15/09/2018','DD/MM/YYYY'), 'RUA X,12', 1820.10);
--DEPTO 2
INSERT INTO T_SIP_FUNCIONARIO VALUES(12348, 2, 'KATIA REGINA SOUZA', TO_DATE('15/01/1995','DD/MM/YYYY'),TO_DATE('03/10/2015','DD/MM/YYYY'), 'RUA X,13', 2024.10);
INSERT INTO T_SIP_FUNCIONARIO VALUES(12349, 2, 'MARIA DAS DORES SOUZA', TO_DATE('18/08/1983','DD/MM/YYYY'),TO_DATE('23/10/2017','DD/MM/YYYY'), 'RUA X,14', 2061.11);
INSERT INTO T_SIP_FUNCIONARIO VALUES(12350, 2, 'ALFREDO DE SOUZA', TO_DATE('04/05/1999','DD/MM/YYYY'),TO_DATE('05/06/2014','DD/MM/YYYY'), 'RUA X,15', 5232.10);
--DEPTO 3
INSERT INTO T_SIP_FUNCIONARIO VALUES(12351, 3, 'GISELE DE JESUS', TO_DATE('15/04/1999','DD/MM/YYYY'),TO_DATE('20/03/2017','DD/MM/YYYY'), 'RUA X,16', 2032.23);
INSERT INTO T_SIP_FUNCIONARIO VALUES(12352, 3, 'RAFAEL DE JESUS', TO_DATE('10/08/1998','DD/MM/YYYY'),TO_DATE('10/08/2012','DD/MM/YYYY'), 'RUA X,17', 2012.14);
INSERT INTO T_SIP_FUNCIONARIO VALUES(12353, 3, 'ROSANA DE JESUS', TO_DATE('14/03/1987','DD/MM/YYYY'),TO_DATE('15/08/2019','DD/MM/YYYY'), 'RUA X,18', 2145.82);
--DEPTO 4
INSERT INTO T_SIP_FUNCIONARIO VALUES(12354, 4, 'JOSEFINA DE ALMEIDA', TO_DATE('16/10/1997','DD/MM/YYYY'),TO_DATE('25/03/2013','DD/MM/YYYY'), 'RUA X,19', 2124.16);
INSERT INTO T_SIP_FUNCIONARIO VALUES(12355, 4, 'LUCIANA DE ALMEIDA', TO_DATE('10/02/1984','DD/MM/YYYY'),TO_DATE('28/09/2011','DD/MM/YYYY'), 'RUA X,20', 2041.12);
INSERT INTO T_SIP_FUNCIONARIO VALUES(12356, 4, 'THIAGO DE ALMEIDA', TO_DATE('10/03/1998','DD/MM/YYYY'),TO_DATE('24/10/2018','DD/MM/YYYY'), 'RUA X,21', 6321.52);
--DEPTO 5
INSERT INTO T_SIP_FUNCIONARIO VALUES(12357, 5, 'LARISSA DE CARMARGO', TO_DATE('24/01/1982','DD/MM/YYYY'),TO_DATE('29/02/2014','DD/MM/YYYY'), 'RUA X,22', 5213.10);
INSERT INTO T_SIP_FUNCIONARIO VALUES(12358, 5, 'ANTONIO DE CARMARGO', TO_DATE('18/12/1992','DD/MM/YYYY'),TO_DATE('02/08/2012','DD/MM/YYYY'), 'RUA X,23', 5812.12);
INSERT INTO T_SIP_FUNCIONARIO VALUES(12359, 5, 'JOSE DE CARMARGO', TO_DATE('05/04/1985','DD/MM/YYYY'),TO_DATE('29/09/2016','DD/MM/YYYY'), 'RUA X,24', 9123.56);
--POPULANDO TABELA DEPENDENTE(3 PARA CADA FUNC)
--FUNC MATRICULA 12347
INSERT INTO T_SIP_DEPENDENTE VALUES(12347,01, 'GIRAFALES',TO_DATE('12/10/2002','DD/MM/YYYY'));
INSERT INTO T_SIP_DEPENDENTE VALUES(12347,02, 'FLORINDA',TO_DATE('20/04/2005','DD/MM/YYYY'));
INSERT INTO T_SIP_DEPENDENTE VALUES(12347,03, 'BRUXA71',TO_DATE('01/01/1910','DD/MM/YYYY'));
--FUNC MATRICULA 12350
INSERT INTO T_SIP_DEPENDENTE VALUES(12350,01, 'MADRUGA',TO_DATE('19/05/2002','DD/MM/YYYY'));
INSERT INTO T_SIP_DEPENDENTE VALUES(12350,02, 'CHIQUINHA',TO_DATE('10/09/2012','DD/MM/YYYY'));
INSERT INTO T_SIP_DEPENDENTE VALUES(12350,03, 'CHAVES',TO_DATE('12/05/2011','DD/MM/YYYY'));
--FUNC MATRIUCLA 12349
INSERT INTO T_SIP_DEPENDENTE VALUES(12349,01, 'QUICO',TO_DATE('05/11/2011','DD/MM/YYYY'));
INSERT INTO T_SIP_DEPENDENTE VALUES(12349,02, 'POPIS',TO_DATE('09/12/2012','DD/MM/YYYY'));
INSERT INTO T_SIP_DEPENDENTE VALUES(12349,03, 'BARRIGA',TO_DATE('12/02/1999','DD/MM/YYYY'));
COMMIT;

-- POPULAR A TABELA PROJETO COM 5 PROJETOS. 3 PROJETOS SEM A DATA TERMINO
INSERT INTO T_SIP_PROJETO VALUES 
(10001, 'PROJETO 1', TO_DATE('11/10/2016','DD/MM/YYYY'), NULL);
INSERT INTO T_SIP_PROJETO VALUES 
(10002, 'PROJETO 2', TO_DATE('25/10/2013','DD/MM/YYYY'), TO_DATE('15/04/2015','DD/MM/YYYY'));
INSERT INTO T_SIP_PROJETO VALUES 
(10003, 'PROJETO 3', TO_DATE('28/04/2012','DD/MM/YYYY'), NULL);
INSERT INTO T_SIP_PROJETO VALUES 
(10004, 'PROJETO 4', TO_DATE('25/03/2017','DD/MM/YYYY'), NULL);
INSERT INTO T_SIP_PROJETO VALUES 
(10005, 'PROJETO 5', TO_DATE('28/09/2014','DD/MM/YYYY'), TO_DATE('15/09/2018','DD/MM/YYYY'));
COMMIT;

-- POPULAR A TABELA IMPLANTACAO. ESCOLHER 3 PROJETOS, E PARA CADA PROJETO, 3 
-- FUNCIONARIOS TRABALHANDO NAS IMPLANTACOES
-- CONSIDERANDO: DATA INICIO E TERMINO DOS PROJETOS, CONSIDERANDO A DATA DE ADMISSAO
-- DE CADA FUNCIONARIO PARTICIPANTE
-- PROJETO 1
INSERT INTO T_SIP_IMPLANTACAO VALUES 
(10001, 1, 12345, TO_DATE('11/10/2016','DD/MM/YYYY'), TO_DATE('15/09/2017','DD/MM/YYYY'));
INSERT INTO T_SIP_IMPLANTACAO VALUES 
(10001, 2, 12346, TO_DATE('11/10/2016','DD/MM/YYYY'), NULL);
INSERT INTO T_SIP_IMPLANTACAO VALUES 
(10001, 3, 12348, TO_DATE('11/10/2016','DD/MM/YYYY'), TO_DATE('25/06/2018','DD/MM/YYYY'));
-- PROJETO 2
INSERT INTO T_SIP_IMPLANTACAO VALUES 
(10002, 1, 12345, TO_DATE('25/10/2013','DD/MM/YYYY'), TO_DATE('15/04/2014','DD/MM/YYYY'));
INSERT INTO T_SIP_IMPLANTACAO VALUES 
(10002, 2, 12352, TO_DATE('25/10/2013','DD/MM/YYYY'), TO_DATE('25/07/2014','DD/MM/YYYY'));
INSERT INTO T_SIP_IMPLANTACAO VALUES 
(10002, 3, 12355, TO_DATE('25/10/2013','DD/MM/YYYY'), TO_DATE('15/04/2015','DD/MM/YYYY'));
-- PROJETO 3
INSERT INTO T_SIP_IMPLANTACAO VALUES 
(10003, 1, 12354, TO_DATE('28/04/2013','DD/MM/YYYY'), NULL);
INSERT INTO T_SIP_IMPLANTACAO VALUES 
(10003, 2, 12355, TO_DATE('28/04/2013','DD/MM/YYYY'), NULL);
INSERT INTO T_SIP_IMPLANTACAO VALUES 
(10003, 3, 12345, TO_DATE('28/04/2013','DD/MM/YYYY'), NULL);
-- PROJETO 4
INSERT INTO T_SIP_IMPLANTACAO VALUES 
(10004, 1, 12357, TO_DATE('25/03/2017','DD/MM/YYYY'), NULL);
INSERT INTO T_SIP_IMPLANTACAO VALUES 
(10004, 2, 12358, TO_DATE('25/03/2017','DD/MM/YYYY'), NULL);
INSERT INTO T_SIP_IMPLANTACAO VALUES 
(10004, 3, 12354, TO_DATE('25/03/2017','DD/MM/YYYY'), TO_DATE('15/08/2018','DD/MM/YYYY'));
-- PROJETO 5
INSERT INTO T_SIP_IMPLANTACAO VALUES 
(10005, 1, 12345, TO_DATE('28/09/2014','DD/MM/YYYY'), TO_DATE('15/09/2018','DD/MM/YYYY'));
INSERT INTO T_SIP_IMPLANTACAO VALUES 
(10005, 2, 12350, TO_DATE('28/09/2014','DD/MM/YYYY'), TO_DATE('15/09/2018','DD/MM/YYYY'));
INSERT INTO T_SIP_IMPLANTACAO VALUES 
(10005, 3, 12354, TO_DATE('28/09/2014','DD/MM/YYYY'), TO_DATE('15/09/2018','DD/MM/YYYY'));


SELECT * FROM T_SIP_DEPARTAMENTO;
SELECT * FROM T_SIP_FUNCIONARIO;
SELECT * FROM T_SIP_DEPENDENTE;
